{"null": {"image_id": null, "side": 0.05, "centers": [[0.45704915028125265, 0.6], [0.5429508497187474, 0.6], [0.3711474508437579, 0.6], [0.6288525491562421, 0.6], [0.5, 0.5524471741852423], [0.41409830056250524, 0.5524471741852423], [0.5859016994374947, 0.5524471741852423], [0.3281966011250105, 0.5524471741852423], [0.6718033988749895, 0.5524471741852423]], "dpi": 300, "canvas_size": 5.0, "linewidth": 1, "colors": [[0.12156862745098039, 0.4666666666666667, 0.7058823529411765, 1.0], [1.0, 0.4980392156862745, 0.054901960784313725, 1.0], [0.17254901960784313, 0.6274509803921569, 0.17254901960784313, 1.0], [0.8392156862745098, 0.15294117647058825, 0.1568627450980392, 1.0], [0.5803921568627451, 0.403921568627451, 0.7411764705882353, 1.0], [0.5490196078431373, 0.33725490196078434, 0.29411764705882354, 1.0], [0.8901960784313725, 0.4666666666666667, 0.7607843137254902, 1.0], [0.4980392156862745, 0.4980392156862745, 0.4980392156862745, 1.0], [0.7372549019607844, 0.7411764705882353, 0.13333333333333333, 1.0]]}}